date,name,id,result,won,lost
"
04.05.25
","
Fröschl, Franz
",1260286,3:1,1,0
"
04.05.25
","
Kaiser, Helmut
",1025522,2:3,0,1
"
04.05.25
","
Hauptkorn, Martin
",1959150,1:3,0,1
"
04.05.25
","
Kehlenbeck, Lars
",1129013,3:0,1,0
"
14.04.25
","
Oh, Sang-Gun
",1285174,0:3,0,1
"
14.04.25
","
Pfauth, Jürgen
",156510,0:3,0,1
"
04.04.25
","
Tretbar, René
",1061865,0:3,0,1
"
04.04.25
","
Seidl, Norbert
",1051649,1:3,0,1
"
28.03.25
","
Allebrodt, Christof
",995999,3:1,1,0
"
28.03.25
","
Bause, Frank
",998005,3:1,1,0
"
22.03.25
","
Edinger, Thomas
",1008747,1:3,0,1
"
22.03.25
","
Kohlhuber, Gerhard
",1029896,3:1,1,0
"
20.03.25
","
Kömmling, David
",1029374,3:1,1,0
"
20.03.25
","
Kreitenweis, Peter
",1058577,3:0,1,0
"
14.03.25
","
Seiz, Christian
",132052,0:3,0,1
"
14.03.25
","
Kraft, Ludwig
",1029426,2:3,0,1
"
07.03.25
","
Ledwoch, Jürgen
",1033436,0:3,0,1
"
07.03.25
","
Gabos, Zoltan
",1822493,3:0,1,0
"
21.02.25
","
Jell, Georg
",1020758,3:1,1,0
"
21.02.25
","
Gschlößl, Manfred
",1013325,3:1,1,0
"
24.01.25
","
Huber, Jonas
",1611306,0:3,0,1
"
24.01.25
","
Lösch, Martin
",1031834,3:0,1,0
"
13.12.24
","
Hartmann, Lukas
",1229785,3:1,1,0
"
13.12.24
","
Huber, Jonas
",1611306,3:2,1,0
"
07.12.24
","
Kratzl, Stefan
",1028778,0:3,0,1
"
07.12.24
","
Popp, Markus
",1043330,0:3,0,1
"
03.12.24
","
Bajusz, Peter
",1503663,0:3,0,1
"
03.12.24
","
Allebrodt, Christof
",995999,2:3,0,1
"
02.12.24
","
Hauptkorn, Martin
",1959150,0:3,0,1
"
29.11.24
","
Oh, Sang-Gun
",1285174,1:3,0,1
"
29.11.24
","
Pfauth, Jürgen
",156510,2:3,0,1
"
15.11.24
","
Popp, Markus
",1043330,1:3,0,1
"
15.11.24
","
Kraft, Ludwig
",1029426,3:0,1,0
"
07.11.24
","
Heller, Manfred
",1016579,3:0,1,0
"
07.11.24
","
Roppelt, Michael
",1047745,1:3,0,1
"
19.10.24
","
Kohlhuber, Gerhard
",1029896,1:3,0,1
"
19.10.24
","
Kappelmeier, Helmut
",1025085,3:1,1,0
"
18.10.24
","
Siml, Frank
",1053042,1:3,0,1
"
18.10.24
","
Jell, Georg
",1020758,3:1,1,0
"
11.10.24
","
Allebrodt, Christof
",995999,3:0,1,0
"
09.10.24
","
Ledwoch, Jürgen
",1033436,1:3,0,1
"
09.10.24
","
Weghorn, Arno
",1058868,3:0,1,0
"
30.09.24
","
Oberholzner, Dennis
",1319252,1:3,0,1
"
30.09.24
","
Garkuscha, Mark
",1962250,2:3,0,1
"
27.09.24
","
Bauer, Helmut
",998085,3:0,1,0
"
27.09.24
","
Seidl, Norbert
",1051649,0:3,0,1
"
20.09.24
","
Pögl, Thomas
",1043167,3:0,1,0
"
20.09.24
","
Wohlers, Heinz
",1062455,3:0,1,0
"
21.03.24
","
Wiest, Jörg
",1063812,3:1,1,0
"
21.03.24
","
Sauerer, Julian
",1806893,3:0,1,0
"
12.03.24
","
Dorner, Felix
",1008663,1:3,0,1
"
12.03.24
","
Pfauth, Jürgen
",156510,1:3,0,1
"
08.03.24
","
Jünke, Harald
",1026515,3:0,1,0
"
08.03.24
","
Lösch, Martin
",1031834,3:2,1,0
"
05.03.24
","
Waatsack, Moritz
",1358316,1:3,0,1
"
05.03.24
","
Rott, Patrick
",1093394,2:3,0,1
"
01.03.24
","
Kraft, Ludwig
",1029426,0:3,0,1
"
01.03.24
","
Seiz, Christian
",132052,3:2,1,0
"
23.02.24
","
Franik, Michael
",1011304,3:1,1,0
"
23.02.24
","
Ledwoch, Jürgen
",1033436,3:2,1,0
"
22.02.24
","
Roppelt, Michael
",1047745,0:3,0,1
"
22.02.24
","
Bettges, Ingo
",1000730,3:2,1,0
"
16.02.24
","
Glas, Johannes
",1259874,0:3,0,1
"
16.02.24
","
Fazlji, Senih
",1674627,3:0,1,0
"
09.02.24
","
Faroqi, Elias
",2267159,0:3,0,1
"
09.02.24
","
Bauer, Helmut
",998085,3:2,1,0
"
05.02.24
","
Kowalewicz, Johannes
",1129416,1:3,0,1
"
05.02.24
","
Breitsameter, Christian
",999297,3:2,1,0
"
26.01.24
","
Gschlößl, Manfred
",1013325,3:1,1,0
"
26.01.24
","
Pauli, Sven
",1038328,3:0,1,0
"
20.01.24
","
Olp, Rainer
",324310,3:1,1,0
"
20.01.24
","
Bock, Frank
",1829427,3:0,1,0
"
19.01.24
","
Luo, Mai
",253153,3:1,1,0
"
19.01.24
","
Do, Hoang Trung
",1003853,3:1,1,0
"
08.01.24
","
Külpp, Andreas
",1027032,0:3,0,1
"
08.01.24
","
Wecker, Christian
",1058739,2:3,0,1
"
06.01.24
","
Shahani, Nima
",2603581,0:3,0,1
"
06.01.24
","
Zirkelbach, Lukas
",1065817,3:1,1,0
"
06.01.24
","
Endrigkeit, Joachim
",1257292,3:1,1,0
"
06.01.24
","
Zayyan, Marc
",1066396,3:1,1,0
"
06.01.24
","
Hödl, Daniel
",1022134,3:0,1,0
"
06.01.24
","
Kieslich, Gregor
",1272454,3:0,1,0
"
06.01.24
","
Panradl, Christian
",1037430,3:2,1,0
"
06.01.24
","
Zimmermann, Philipp
",1066610,3:2,1,0
"
06.01.24
","
Horn, Johannes
",172192,3:2,1,0
"
11.12.23
","
Weiss-Giernat, Bernhard
",1063828,0:3,0,1
"
11.12.23
","
Leopold, Holger
",1032627,3:2,1,0
"
09.12.23
","
Schmid, Andreas
",1304119,3:0,1,0
"
09.12.23
","
Huber, Andreas
",1020049,3:0,1,0
"
01.12.23
","
Jell, Georg
",1020758,1:3,0,1
"
01.12.23
","
Gschlößl, Manfred
",1013325,1:3,0,1
"
27.11.23
","
Franik, Michael
",1011304,1:3,0,1
"
27.11.23
","
Ledwoch, Jürgen
",1033436,3:2,1,0
"
24.11.23
","
Roppelt, Michael
",1047745,3:1,1,0
"
24.11.23
","
Bettges, Ingo
",1000730,3:2,1,0
"
17.11.23
","
Wimmer, Stephan
",1063304,0:3,0,1
"
17.11.23
","
Suchy, Bernhard
",1056075,3:0,1,0
"
10.11.23
","
Neth, Sattya
",1040864,3:1,1,0
"
10.11.23
","
Pfauth, Jürgen
",156510,3:0,1,0
"
06.11.23
","
Kajevic, Hasan
",1934063,3:1,1,0
"
02.03.17
","
Wenk, Alexander
",1065428,3:2,1,0
"
13.02.17
","
Steinberger, Christoph
",1056844,3:0,1,0
"
13.02.17
","
Kraft, Ludwig
",1029426,2:3,0,1
"
06.02.17
","
Jünke, Harald
",1026515,3:0,1,0
"
06.02.17
","
Lösch, Martin
",1031834,3:0,1,0
"
21.01.17
","
Kattner, Stefan
",1025584,0:3,0,1
"
21.01.17
","
Faltermaier, Cornelia
",1127944,0:3,0,1
"
21.01.17
","
Drausnick, Christian
",1007423,3:1,1,0
"
21.01.17
","
Schmatz, Jörg
",1051040,3:0,1,0
"
14.12.16
","
Kreitenweis, Peter
",1058577,3:1,1,0
"
14.12.16
","
Kömmling, David
",1029374,3:1,1,0
"
14.12.16
","
Milas, Wassily-Alexander
",1034825,2:3,0,1
"
09.12.16
","
Lösch, Martin
",1031834,3:1,1,0
"
09.12.16
","
Zuther, Ines
",1065690,1:3,0,1
"
09.12.16
","
Jünke, Harald
",1026515,3:0,1,0
"
01.12.16
","
Moreno, Frank
",1270543,3:0,1,0
"
01.12.16
","
Kaplan, Markus
",1025073,2:3,0,1
"
01.12.16
","
Sedlmaier, Karl
",1053799,3:2,1,0
"
28.11.16
","
Kraft, Ludwig
",1029426,3:1,1,0
"
28.11.16
","
Steinberger, Christoph
",1056844,3:2,1,0
"
24.11.16
","
Zollner, Robert
",1066034,0:3,0,1
"
24.11.16
","
Tretbar, René
",1061865,1:3,0,1
"
24.11.16
","
Pfleger, Valentin
",1044114,2:3,0,1
"
21.11.16
","
Keuchel, Peter
",1024889,0:3,0,1
"
21.11.16
","
Faltermaier, Thomas
",1006079,1:3,0,1
"
14.11.16
","
Tretbar, René
",1061865,3:1,1,0
"
14.11.16
","
Bauer, Helmut
",998085,3:2,1,0
"
07.11.16
","
Zanner, Tony
",1066202,3:1,1,0
"
07.11.16
","
Koller, Sebastian
",1029144,2:3,0,1
"
28.10.16
","
Siml, Frank
",1053042,3:1,1,0
"
28.10.16
","
Jell, Georg
",1020758,3:0,1,0
"
24.10.16
","
Fürbass, Oliver
",1010529,0:3,0,1
"
24.10.16
","
Huber, Helmut
",1020388,3:0,1,0
"
24.10.16
","
Wudi, Walter
",1063051,2:3,0,1
"
21.10.16
","
Noll, Martin
",1499480,3:0,1,0
"
21.10.16
","
Schroeer, Thomas
",1824984,3:0,1,0
"
28.09.16
","
Kattner, Stefan
",1025584,0:3,0,1
"
28.09.16
","
Roppelt, Michael
",1047745,2:3,0,1
"
26.09.16
","
Kasper, Markus
",1025230,1:3,0,1
"
26.09.16
","
Jakobi, Martin
",1019779,3:1,1,0
"
11.04.16
","
Bächler, Benedikt
",997088,3:1,1,0
"
11.04.16
","
Korner, Dennis
",1029065,3:2,1,0
"
18.03.16
","
Paucksch, Ulrich
",1038095,3:1,1,0
"
18.03.16
","
Farnlacher, Edgar
",1006207,0:3,0,1
"
18.03.16
","
Schüpferling, Werner
",1054955,3:1,1,0
"
14.03.16
","
Franik, Michael
",1011304,3:1,1,0
"
14.03.16
","
Tröger, Matthias
",1060441,3:2,1,0
"
01.03.16
","
Steffen, Sebastian
",1653885,3:0,1,0
"
01.03.16
","
Kaplan, Markus
",1025073,1:3,0,1
"
01.03.16
","
Graeber, Frank Michael
",624404,3:0,1,0
"
23.02.16
","
Huber, Helmut
",1020388,3:1,1,0
"
23.02.16
","
Le Cong, Viet Anh
",1032686,3:1,1,0
"
02.02.16
","
Kömmling, David
",1029374,3:0,1,0
"
02.02.16
","
Hagn, Franz
",1013700,3:0,1,0
"
25.01.16
","
Tanasescu, Florin
",1720206,3:1,1,0
"
25.01.16
","
Summerer, Alexander
",1056214,3:1,1,0
"
25.01.16
","
Koller, Sebastian
",1029144,2:3,0,1
"
10.01.16
","
Weisbein, Michael
",1065390,0:3,0,1
"
10.01.16
","
Schmid, Christian
",1049718,2:3,0,1
"
10.01.16
","
Mählmann, Rainer
",1031096,2:3,0,1
"
10.01.16
","
Pavelka, Uwe
",1038655,3:2,1,0
"
10.01.16
","
Voigt, Lukas
",1060744,2:3,0,1
"
02.01.16
","
Streibl, Herbert
",1055935,3:1,1,0
"
02.01.16
","
Fürst, Lukas
",1133796,0:3,0,1
"
02.01.16
","
Peter, Wolfgang
",1038118,3:1,1,0
"
02.01.16
","
Knies, Max
",1024085,3:2,1,0
"
04.12.15
","
Arevalo, Carlos
",996096,3:0,1,0
"
04.12.15
","
Pfleger, Valentin
",1044114,2:3,0,1
"
04.12.15
","
Bächler, Benedikt
",997088,3:2,1,0
"
23.11.15
","
Buckl, Rainer
",1004967,1:3,0,1
"
23.11.15
","
Huber, Helmut
",1020388,3:1,1,0
"
22.11.15
","
Jungfer, Klaus
",1026393,0:3,0,1
"
22.11.15
","
Snaider, Dominik
",1052396,3:1,1,0
"
22.11.15
","
Schenk, Martin
",1050669,3:0,1,0
"
22.11.15
","
Sterl, Markus
",1058420,2:3,0,1
"
21.11.15
","
Gonnsen, Christian
",1337039,3:0,1,0
"
21.11.15
","
Drausnick, Christian
",1007423,3:0,1,0
"
10.11.15
","
Tanasescu, Florin
",1720206,3:0,1,0
"
10.11.15
","
Koller, Sebastian
",1029144,3:2,1,0
"
26.10.15
","
Franik, Michael
",1011304,1:3,0,1
"
26.10.15
","
Lommerzheim, Manfred
",1031378,3:2,1,0
"
20.10.15
","
Just, Joachim
",1025997,1:3,0,1
"
20.10.15
","
Smolenski, Mark
",1052388,3:1,1,0
"
20.10.15
","
Schrickel, Jörg
",72679,2:3,0,1
"
19.10.15
","
Brosig, Michael
",1005534,3:1,1,0
"
19.10.15
","
Kaplan, Markus
",1025073,1:3,0,1
"
19.10.15
","
Boes, Matthias
",1256612,3:0,1,0
"
12.10.15
","
Schüpferling, Werner
",1054955,1:3,0,1
"
12.10.15
","
Farnlacher, Edgar
",1006207,3:0,1,0
"
08.10.15
","
Rieder, Eduard
",1046876,2:3,0,1
"
08.10.15
","
Weinberger, Daniel
",1063788,2:3,0,1
"
01.10.15
","
Ronner, Gerhard
",1047621,3:1,1,0
"
01.10.15
","
Weiß, Clemens
",1064274,3:2,1,0
"
28.09.15
","
Kömmling, David
",1029374,3:0,1,0
"
28.09.15
","
Ehmer, Marco
",1008339,3:0,1,0
"
21.09.15
","
Kaplan, Markus
",1025073,0:3,0,1
"
21.09.15
","
Graeber, Frank Michael
",624404,3:1,1,0
"
21.09.15
","
Boes, Matthias
",1256612,3:2,1,0
"
22.01.15
","
Knauft, Günter
",1023442,3:0,1,0
"
22.01.15
","
Bettges, Ingo
",1000730,3:0,1,0
"
06.11.23
","
Bücherl, Stefan
",1004426,3:0,1,0
"
20.10.23
","
Huber, Jonas
",1611306,3:1,1,0
"
20.10.23
","
Lösch, Martin
",1031834,1:3,0,1
"
13.10.23
","
Kowalewicz, Johannes
",1129416,0:3,0,1
"
13.10.23
","
Kappelmeier, Helmut
",1025085,3:0,1,0
"
29.09.23
","
Weber, Thomas
",1058622,3:0,1,0
"
29.09.23
","
Schneider, Wolfgang
",1131027,3:0,1,0
"
25.09.23
","
Summerer, Alexander
",1056214,3:0,1,0
"
25.09.23
","
Neth, Sattya
",1040864,3:2,1,0
"
14.04.23
","
Popp, Markus
",1043331,3:0,1,0
"
14.04.23
","
Popp, Markus
",1043330,1:3,0,1
"
10.04.23
","
Schlarb, Heiko
",1049922,0:3,0,1
"
10.04.23
","
Heringlehner, Tobias
",1016595,1:3,0,1
"
10.04.23
","
Wisniewski, Rafael
",1063005,3:1,1,0
"
10.04.23
","
Lechner, Christoph
",1032900,1:3,0,1
"
10.04.23
","
Westphal, Timo
",1936978,3:0,1,0
"
10.04.23
","
Rocktäschel, Thomas
",2269019,3:1,1,0
"
10.04.23
","
Blaufelder, Uwe
",1000341,3:2,1,0
"
10.04.23
","
Seibold, Lukas
",1053091,2:3,0,1
"
04.04.23
","
Pfauth, Jürgen
",156510,3:1,1,0
"
04.04.23
","
Dorner, Felix
",1008663,2:3,0,1
"
31.03.23
","
Stangl, Christoph
",1936597,3:0,1,0
"
31.03.23
","
Winichner, Maximilian
",1682847,3:0,1,0
"
29.03.23
","
Brecht, Wolfgang
",998767,3:0,1,0
"
29.03.23
","
Summerer, Alexander
",1056214,3:0,1,0
"
24.03.23
","
Morawietz, Fabian
",1266936,1:3,0,1
"
24.03.23
","
Ritt, Thilo
",1046680,2:3,0,1
"
17.03.23
","
Kaplan, Markus
",1025073,3:1,1,0
"
17.03.23
","
Graeber, Frank Michael
",624404,3:0,1,0
"
24.02.23
","
Neth, Sattya
",1040864,3:1,1,0
"
24.02.23
","
Merz, Peter
",1036422,3:1,1,0
"
15.02.23
","
Kraft, Ludwig
",1029426,3:1,1,0
"
15.02.23
","
Seltsam, Herbert
",1052771,3:0,1,0
"
10.02.23
","
Bauer, Helmut
",998085,0:3,0,1
"
10.02.23
","
Kattner, Stefan
",1025584,3:0,1,0
"
03.02.23
","
Pauli, Sven
",1038328,3:1,1,0
"
03.02.23
","
Westermaier, Michael
",1064441,3:0,1,0
"
01.02.23
","
Grundei, Christian
",1177181,1:3,0,1
"
01.02.23
","
Grundei, Robert
",1014454,3:0,1,0
"
23.01.23
","
Kämmerling, Thorsten
",239198,3:0,1,0
"
23.01.23
","
Hermann, Thomas
",1016731,3:2,1,0
"
17.01.23
","
Huber, Matthias
",1022471,3:1,1,0
"
17.01.23
","
Boes, Matthias
",1256612,3:2,1,0
"
11.01.23
","
Dengel, Sybille
",1002390,3:1,1,0
"
11.01.23
","
Botzen, Mark
",2077786,3:0,1,0
"
06.01.23
","
Spath, Florian
",1131250,1:3,0,1
"
06.01.23
","
Steuber, Melanie
",1057055,1:3,0,1
"
06.01.23
","
Palme, Sebastian
",1396049,3:1,1,0
"
06.01.23
","
Kisslinger, Tilman
",1023699,3:0,1,0
"
19.12.22
","
Kraft, Ludwig
",1029426,1:3,0,1
"
12.12.22
","
Hörl, Rudolf
",1022538,3:0,1,0
"
12.12.22
","
Kraft, Ludwig
",1029426,2:3,0,1
"
02.12.22
","
Halwe, Stefan
",229660,3:2,1,0
"
02.12.22
","
Tretbar, René
",1061865,2:3,0,1
"
23.11.22
","
Sauerer, Julian
",1806893,3:0,1,0
"
23.11.22
","
Keuchel, Peter
",1024889,3:0,1,0
"
22.11.22
","
Munda, Jozef
",2168313,3:0,1,0
"
19.11.22
","
Mrsic, Davor
",1034336,0:3,0,1
"
19.11.22
","
Sturl, Toni
",1981971,3:1,1,0
"
19.11.22
","
Candan, Ali
",1625907,2:3,0,1
"
19.11.22
","
Maier, Günter
",159905,2:3,0,1
"
15.11.22
","
Hagn, Franz
",1013700,3:1,1,0
"
15.11.22
","
Geßl, Lorenz
",1439709,3:2,1,0
"
09.11.22
","
Halevy, Michael
",1014396,3:0,1,0
"
09.11.22
","
Kummerow, Torge
",1129329,3:1,1,0
"
21.10.22
","
Hieronymus, Claus
",1017497,1:3,0,1
"
21.10.22
","
Sedlmaier, Josef
",1053798,3:1,1,0
"
05.10.22
","
Grundei, Christian
",1177181,3:0,1,0
"
05.10.22
","
Morawietz, Fabian
",1266936,3:0,1,0
"
25.07.22
","
Xu, Winnie
",734986,3:1,1,0
"
25.07.22
","
Steinheimer, Jonas
",1506691,2:3,0,1
"
09.07.22
","
Kossubek, Lars
",1881517,0:3,0,1
"
09.07.22
","
Lochner, Diana
",2106464,3:2,1,0
"
27.06.22
","
Emslander, Daniel
",1007663,3:1,1,0
"
27.06.22
","
Voigt, Lukas
",1060744,3:0,1,0
"
01.06.22
","
Hauptkorn, Martin
",1959150,3:1,1,0
"
01.06.22
","
Gabos, Zoltan
",1822493,3:0,1,0
"
24.04.22
","
Kirchner, Stefan
",942865,1:3,0,1
"
24.04.22
","
Graeber, Frank Michael
",624404,3:0,1,0
"
24.04.22
","
Boes, Matthias
",1256612,3:1,1,0
"
24.04.22
","
Paucksch, Ulrich
",1038095,3:0,1,0
"
24.04.22
","
Weiß, Clemens
",1064274,3:0,1,0
"
08.04.22
","
Stangl, Christoph
",1936597,1:3,0,1
"
08.04.22
","
Bettges, Ingo
",1000730,1:3,0,1
"
08.04.22
","
Keuchel, Peter
",1024889,3:1,1,0
"
30.03.22
","
Burdenski, Naim
",1231059,3:0,1,0
"
30.03.22
","
Bause, Frank
",998005,2:3,0,1
"
30.03.22
","
Dorner, Felix
",1008663,2:3,0,1
"
28.03.22
","
Obermeier, Florian
",1037491,0:3,0,1
"
28.03.22
","
Berger, Andy
",1001793,0:3,0,1
"
16.03.22
","
Morawietz, Fabian
",1266936,3:1,1,0
"
16.03.22
","
Ritt, Thilo
",1046680,3:2,1,0
"
16.03.22
","
Grundei, Robert
",1014454,3:2,1,0
"
15.03.22
","
Brecht, Wolfgang
",998767,3:1,1,0
"
15.03.22
","
Pfauth, Jürgen
",156510,3:1,1,0
"
15.03.22
","
Fuhr, Martin
",752166,3:0,1,0
"
09.03.22
","
Oh, Sang-Gun
",1285174,1:3,0,1
"
09.03.22
","
Bock, Karl
",999253,3:0,1,0
"
09.03.22
","
Göppel, Fritz
",1014634,2:3,0,1
"
24.11.21
","
Summerer, Alexander
",1056214,3:2,1,0
"
23.11.21
","
Fuhr, Martin
",752166,3:0,1,0
"
23.11.21
","
Brecht, Wolfgang
",998767,2:3,0,1
"
12.11.21
","
Schu, Jonas
",1267920,0:3,0,1
"
12.11.21
","
Skopkone, Zsuzsanna
",2175184,3:0,1,0
"
10.11.21
","
Keuchel, Peter
",1024889,0:3,0,1
"
10.11.21
","
Lippert, Helmut
",1031798,0:3,0,1
"
05.11.21
","
Gerlsbeck, Johannes
",1880870,3:1,1,0
"
27.10.21
","
Pirker, Christian
",1101549,3:1,1,0
"
27.10.21
","
Kaiser, Helmut
",1025522,0:3,0,1
"
27.10.21
","
Fröschl, Franz
",1260286,3:2,1,0
"
22.09.21
","
Hermann, Thomas
",1016731,0:3,0,1
"
22.09.21
","
Krause, Heiko
",1027840,3:2,1,0
"
28.10.20
","
Pfauth, Jürgen
",156510,1:3,0,1
"
28.10.20
","
Allebrodt, Christof
",995999,1:3,0,1
"
28.10.20
","
Fuhr, Martin
",752166,3:1,1,0
"
29.09.20
","
Altmann, Tobias
",1260295,3:0,1,0
"
29.09.20
","
Ascher, Alfred
",1260298,3:0,1,0
"
09.09.20
","
Krause, Heiko
",1027840,0:3,0,1
"
09.09.20
","
Hermann, Thomas
",1016731,2:3,0,1
"
09.09.20
","
Kämmerling, Thorsten
",239198,3:2,1,0
"
12.03.20
","
Kick, Thomas
",1023344,3:1,1,0
"
04.03.20
","
Hendrich, Benjamin
",1306562,3:2,1,0
"
01.03.20
","
Heindl, Simon
",1016448,3:1,1,0
"
01.03.20
","
Gabler, Jochen
",1009295,0:3,0,1
"
01.03.20
","
Hieronymus, Claus
",1017497,1:3,0,1
"
28.02.20
","
Haas, Werner
",1013673,3:1,1,0
"
10.02.20
","
Senftl, Florian
",1052913,3:1,1,0
"
10.02.20
","
Voit, Alexander
",1060755,2:3,0,1
"
30.01.20
","
Sperka, Andreas
",1057708,0:3,0,1
"
30.01.20
","
Heilmeier, Markus
",1017393,3:2,1,0
"
22.01.20
","
Kummerow, Torge
",1129329,3:0,1,0
"
22.01.20
","
Marx, Thomas
",1037118,3:0,1,0
"
20.01.20
","
Pauli, Sven
",1038328,3:1,1,0
"
20.01.20
","
Gschlößl, Manfred
",1013325,2:3,0,1
"
13.12.19
","
Mayer, Florian
",1229783,3:0,1,0
"
09.12.19
","
Do, Hoang Trung
",1003853,2:3,0,1
"
04.12.19
","
Oder, Alfred
",1037916,3:0,1,0
"
29.11.19
","
Hauptkorn, Martin
",1959150,3:1,1,0
"
29.11.19
","
Schmitt, Jochen
",1049241,3:0,1,0
"
15.11.19
","
Minge, Daniel
",1035157,2:3,0,1
"
15.11.19
","
Katzenberger, Max
",1026648,2:3,0,1
"
13.11.19
","
Schmölz, Thomas
",1295851,3:0,1,0
"
27.09.19
","
Sperka, Andreas
",1057708,3:2,1,0
"
27.09.19
","
Miedaner, Wilhelm
",1034595,2:3,0,1
"
24.09.19
","
Graeber, Frank Michael
",624404,3:0,1,0
"
24.09.19
","
Kummerow, Torge
",1129329,3:0,1,0
"
20.09.19
","
Lang, Josef
",1033181,3:0,1,0
"
10.08.19
","
Höcht, Sebastian
",1255950,1:3,0,1
"
10.08.19
","
Ruland, Jürgen Ralf
",1045729,0:3,0,1
"
10.08.19
","
Göldner, Philipp
",1015778,1:3,0,1
"
10.08.19
","
Reiß, Björn
",1943833,2:3,0,1
"
10.04.19
","
Holzhausen, Thomas
",1023081,3:0,1,0
"
27.03.19
","
Hauptkorn, Martin
",1959150,3:1,1,0
"
20.02.19
","
Völk, Ferdinand
",1061088,1:3,0,1
"
20.02.19
","
Schmölz, Thomas
",1295851,3:2,1,0
"
20.02.19
","
Kick, Thomas
",1023344,2:3,0,1
"
06.02.19
","
Merz, Peter
",1036422,0:3,0,1
"
06.02.19
","
Summerer, Alexander
",1056214,3:1,1,0
"
06.02.19
","
Fuhr, Martin
",752166,2:3,0,1
"
23.01.19
","
Brandstetter, Ludwig
",999540,3:1,1,0
"
23.01.19
","
Schweiger, Elke
",1054873,3:0,1,0
"
28.11.18
","
Brosig, Michael
",1005534,0:3,0,1
"
28.11.18
","
Stahmann, Jens
",1057017,3:0,1,0
"
26.11.18
","
Kehlenbeck, Lars
",1129013,1:3,0,1
"
26.11.18
","
Franik, Michael
",1011304,3:2,1,0
"
19.03.18
","
Wudi, Walter
",1063051,1:3,0,1
"
19.03.18
","
Bock, Karl
",999253,2:3,0,1
"
05.03.18
","
Heiler, Thomas
",50785,3:1,1,0
"
05.03.18
","
Schwab, Thomas
",1053557,2:3,0,1
"
01.03.18
","
Leopold, Holger
",1032627,0:3,0,1
"
01.03.18
","
Hertwig, Florian
",1017813,1:3,0,1
"
26.02.18
","
Kratzl, Stefan
",1028778,0:3,0,1
"
26.02.18
","
Boymann, Thorsten
",270623,0:3,0,1
"
19.02.18
","
Stampfer, Jürgen
",1057240,3:1,1,0
"
19.02.18
","
Jakobi, Martin
",1019779,2:3,0,1
"
19.02.18
","
Kasper, Markus
",1025230,3:2,1,0
"
15.12.17
","
Benker, Robert
",1001130,3:1,1,0
"
15.12.17
","
Kasper, Markus
",1025230,3:1,1,0
"
15.12.17
","
Betz, Konrad
",1000839,3:0,1,0
"
04.12.17
","
Boymann, Thorsten
",270623,1:3,0,1
"
04.12.17
","
Popp, Markus
",1043331,0:3,0,1
"
04.12.17
","
Kratzl, Stefan
",1028778,0:3,0,1
"
27.11.17
","
Knapic, Zeljko
",1024966,0:3,0,1
"
27.11.17
","
Hieronymus, Claus
",1017497,0:3,0,1
"
13.11.17
","
Jünke, Harald
",1026515,0:3,0,1
"
13.11.17
","
Zuther, Ines
",1065690,3:1,1,0
"
02.10.17
","
Völk, Ferdinand
",1061088,0:3,0,1
"
02.10.17
","
Klimm, Peter
",1024046,3:1,1,0
"
26.09.17
","
Kaplan, Markus
",1025073,2:3,0,1
"
26.09.17
","
Steffen, Sebastian
",1653885,3:2,1,0
"
03.04.17
","
Pfleger, Valentin
",1044114,1:3,0,1
"
03.04.17
","
Bauer, Helmut
",998085,3:1,1,0
"
16.03.17
","
Faltermaier, Cornelia
",1127944,0:3,0,1
"
16.03.17
","
Roppelt, Michael
",1047745,1:3,0,1
"
10.03.17
","
Jakobi, Martin
",1019779,1:3,0,1
"
10.03.17
","
Kasper, Markus
",1025230,3:0,1,0
"
10.03.17
","
Stampfer, Jürgen
",1057240,3:2,1,0
"
06.03.17
","
Pauli, Sven
",1038328,3:1,1,0
"
06.03.17
","
Siml, Frank
",1053042,0:3,0,1
"
02.03.17
","
Kreitenweis, Peter
",1058577,3:1,1,0
"
22.01.15
","
Schneider, Wolfgang
",1131027,2:3,0,1
"
19.01.15
","
Pauli, Sven
",1038328,1:3,0,1
"
19.01.15
","
Siml, Frank
",1053042,0:3,0,1
"
19.01.15
","
Austen, Jürgen
",996528,1:3,0,1
"
13.01.15
","
Bause, Frank
",998005,1:3,0,1
"
13.01.15
","
Zanner, Tony
",1066202,0:3,0,1
"
13.01.15
","
Schmid, Wolfgang Pius
",1050582,3:0,1,0
"
02.12.14
","
Kaplan, Markus
",1025073,3:1,1,0
"
02.12.14
","
Graeber, Frank Michael
",624404,3:2,1,0
"
28.11.14
","
Popp, Markus
",1043330,0:3,0,1
"
28.11.14
","
Kraft, Ludwig
",1029426,3:2,1,0
"
24.11.14
","
Schmid, Wolfgang Pius
",1050582,3:1,1,0
"
24.11.14
","
Zanner, Tony
",1066202,3:0,1,0
"
24.11.14
","
Bajusz, Peter
",1503663,3:0,1,0
"
11.11.14
","
Jell, Georg
",1020758,3:0,1,0
"
11.11.14
","
Pauli, Sven
",1038328,2:3,0,1
"
05.11.14
","
Schneider, Wolfgang
",1131027,0:3,0,1
"
05.11.14
","
Bettges, Ingo
",1000730,3:0,1,0
"
05.11.14
","
Weber, Thomas
",1058622,3:2,1,0
"
24.10.14
","
Kasper, Markus
",1025230,2:3,0,1
"
24.10.14
","
Jakobi, Martin
",1019779,2:3,0,1
"
23.10.14
","
Weber, Thomas
",1058622,3:1,1,0
"
23.10.14
","
Knauft, Günter
",1023442,3:0,1,0
"
20.10.14
","
Bock, Karl
",999253,3:0,1,0
"
20.10.14
","
Fürbass, Oliver
",1010529,3:0,1,0
"
15.10.14
","
Kollross, Fabian
",1029266,0:3,0,1
"
15.10.14
","
Richinger, Katharina
",1047874,2:3,0,1
"
01.10.14
","
Mansbart, Jörg
",1036707,3:1,1,0
"
01.10.14
","
Jünke, Harald
",1026515,3:0,1,0
"
01.10.14
","
Schrickel, Jörg
",72679,3:2,1,0
"
22.09.14
","
Völk, Ferdinand
",1061088,0:3,0,1
"
22.09.14
","
Benedix, Olaf
",1001019,1:3,0,1
"
22.09.14
","
Kreitenweis, Peter
",1058577,3:0,1,0
"
03.09.14
","
Wäsler, Robert
",1059069,0:3,0,1
"
03.09.14
","
Wagner, Manuel
",1060048,1:3,0,1
"
03.09.14
","
Csauscher, Anton
",1004283,3:1,1,0
"
03.09.14
","
Hermann, Thomas
",1016731,3:2,1,0
"
07.08.14
","
Zhuang, Tao
",1065634,1:3,0,1
"
07.08.14
","
Snaider, Dominik
",1052396,1:3,0,1
"
07.08.14
","
Mayer, Markus
",1037144,1:3,0,1
"
07.08.14
","
Hermann, Thomas
",1016731,2:3,0,1
"
07.08.14
","
Nguyen, Stefan Phuc
",1039811,3:2,1,0
"
04.05.14
","
Merk, Günter
",1035878,0:3,0,1
"
04.05.14
","
Steibel, Johannes
",1057263,1:3,0,1
"
01.04.14
","
Bause, Frank
",998005,0:3,0,1
"
01.04.14
","
Koller, Sebastian
",1029144,2:3,0,1
"
01.04.14
","
Fuhr, Martin
",752166,3:2,1,0
"
24.03.14
","
Hildenbrand, Sabine
",1022521,1:3,0,1
"
24.03.14
","
Gschlößl, Manfred
",1013325,3:0,1,0
"
24.03.14
","
Kiesewalter, Frank
",1025843,2:3,0,1
"
10.03.14
","
Gschlößl, Manfred
",1013325,2:3,0,1
"
10.03.14
","
Siml, Frank
",1053042,3:2,1,0
"
09.03.14
","
Brecht, Wolfgang
",998767,3:1,1,0
"
09.03.14
","
Kühne, Ralf
",1026805,3:0,1,0
"
09.03.14
","
Hörmann, Philipp
",1022147,1:3,0,1
"
09.03.14
","
Hütte, Helge
",1020832,3:2,1,0
"
09.03.14
","
Hambach, Wolfgang
",1019633,3:2,1,0
"
17.02.14
","
Smolenski, Mark
",1052388,3:0,1,0
"
17.02.14
","
Schrickel, Jörg
",72679,3:2,1,0
"
13.02.14
","
Beil, Benedikt
",1000563,0:3,0,1
"
13.02.14
","
Faltermaier, Veronika
",1006080,1:3,0,1
"
13.02.14
","
Seltsam, Herbert
",1052771,1:3,0,1
"
30.01.14
","
Behr, Jean-Marie
",1001382,3:1,1,0
"
30.01.14
","
Ernst, Klaus
",1006294,3:2,1,0
"
24.01.14
","
Bock, Karl
",999253,0:3,0,1
"
24.01.14
","
Huber, Maximilian
",1020785,0:3,0,1
"
24.01.14
","
Krebs, Herbert
",1028391,3:0,1,0
"
20.01.14
","
Kreitenweis, Peter
",1058577,0:3,0,1
"
20.01.14
","
Kick, Thomas
",1023344,1:3,0,1
"
16.01.14
","
Hörl, Rudolf
",1022538,3:1,1,0
"
16.01.14
","
Steinberger, Christoph
",1056844,3:1,1,0
"
16.01.14
","
Kraft, Ludwig
",1029426,2:3,0,1
"
02.12.13
","
Witt, Karsten
",1063232,1:3,0,1
"
02.12.13
","
Bock, Karl
",999253,1:3,0,1
"
23.11.13
","
Bochmann, Hergen
",1279403,0:3,0,1
"
23.11.13
","
Jungfer, Klaus
",1026393,3:0,1,0
"
23.11.13
","
Link, Andreas
",1031358,3:0,1,0
"
23.11.13
","
Kemena, Thomas
",1313990,3:0,1,0
"
23.11.13
","
von Hunoltstein, Oliver
",1060028,3:2,1,0
"
22.11.13
","
Völk, Ferdinand
",1061088,0:3,0,1
"
22.11.13
","
Kick, Thomas
",1023344,0:3,0,1
"
22.11.13
","
Benedix, Olaf
",1001019,3:2,1,0
"
18.11.13
","
Steinberger, Martin
",1330217,1:3,0,1
"
18.11.13
","
Kraft, Ludwig
",1029426,3:1,1,0
"
18.11.13
","
Hörl, Rudolf
",1022538,3:2,1,0
"
08.11.13
","
Austen, Jürgen
",996528,1:3,0,1
"
08.11.13
","
Jell, Georg
",1020758,3:0,1,0
"
08.11.13
","
Hildenbrand, Sabine
",1022521,2:3,0,1
"
25.10.13
","
Selmeier, Simon
",1052677,1:3,0,1
"
25.10.13
","
Kiesewalter, Frank
",1025843,2:3,0,1
"
21.10.13
","
Kreitenweis, Peter
",1058577,0:3,0,1
"
21.10.13
","
Plöckl, Marian
",1042864,1:3,0,1
"
14.10.13
","
Seltsam, Herbert
",1052771,3:2,1,0
"
14.10.13
","
Faltermaier, Veronika
",1006080,2:3,0,1
"
14.10.13
","
Beil, Benedikt
",1000563,3:2,1,0
"
30.09.13
","
Fuhr, Martin
",752166,0:3,0,1
"
30.09.13
","
Bause, Frank
",998005,3:0,1,0
"
30.09.13
","
Schmid, Wolfgang Pius
",1050582,2:3,0,1
"
20.09.13
","
Schrickel, Jörg
",72679,1:3,0,1
"
20.09.13
","
Smolenski, Mark
",1052388,2:3,0,1
"
16.09.13
","
Ernst, Klaus
",1006294,0:3,0,1
"
16.09.13
","
Behr, Jean-Marie
",1001382,3:1,1,0
"
11.03.13
","
Benedix, Olaf
",1001019,0:3,0,1
"
11.03.13
","
Klimm, Peter
",1024046,1:3,0,1
"
11.03.13
","
Plöckl, Marian
",1042864,1:3,0,1
"
08.03.13
","
Ross, Benjamin
",1046642,1:3,0,1
"
08.03.13
","
Vogt, Matthias
",1060648,1:3,0,1
"
25.02.13
","
Witt, Karsten
",1063232,1:3,0,1
"
25.02.13
","
Fürbass, Oliver
",1010529,1:3,0,1
"
25.02.13
","
Huber, Helmut
",1020388,3:2,1,0
"
22.02.13
","
Schmid, Wolfgang Pius
",1050582,3:0,1,0
"
22.02.13
","
Summerer, Alexander
",1056214,3:2,1,0
"
15.02.13
","
Brandl, Josef
",999401,3:1,1,0
"
15.02.13
","
Schwaiger, Alois
",1054715,3:1,1,0
"
15.02.13
","
Kattner, Stefan
",1025584,1:3,0,1
"
04.02.13
","
Milas, Wassily-Alexander
",1034825,1:3,0,1
"
04.02.13
","
Hagn, Franz
",1013700,3:2,1,0
"
04.02.13
","
Paßler, Michael
",1037870,2:3,0,1
"
01.02.13
","
Pauli, Sven
",1038328,1:3,0,1
"
01.02.13
","
Blattenberger, Johannes
",1000239,2:3,0,1
"
21.01.13
","
Rieder, Eduard
",1046876,0:3,0,1
"
21.01.13
","
Meinke, Angelo
",1036408,1:3,0,1
"
21.01.13
","
Thalmair, André
",1056342,2:3,0,1
"
18.01.13
","
Schafhauser, Willi
",1044656,3:0,1,0
"
18.01.13
","
Hohmann, Burkhard
",1022074,3:2,1,0
"
18.01.13
","
Kasper, Markus
",1025230,2:3,0,1
"
07.01.13
","
Smolenski, Mark
",1052388,1:3,0,1
"
07.01.13
","
Lösch, Martin
",1031834,2:3,0,1
"
07.01.13
","
Schrickel, Jörg
",72679,3:2,1,0
"
03.12.12
","
Blattenberger, Johannes
",1000239,1:3,0,1
"
03.12.12
","
Pauli, Sven
",1038328,0:3,0,1
"
30.11.12
","
Benker, Robert
",1001130,1:3,0,1
"
30.11.12
","
Betz, Konrad
",1000839,3:1,1,0
"
23.11.12
","
Plöckl, Marian
",1042864,0:3,0,1
"
23.11.12
","
Kreitenweis, Peter
",1058577,0:3,0,1
"
23.11.12
","
Zollner, Robert
",1066034,2:3,0,1
"
16.11.12
","
Schrickel, Jörg
",72679,1:3,0,1
"
16.11.12
","
Smolenski, Mark
",1052388,2:3,0,1
"
12.11.12
","
Schafhauser, Willi
",1044656,3:0,1,0
"
12.11.12
","
Benker, Robert
",1001130,2:3,0,1
"
03.11.12
","
Volk, Tobias
",1226793,3:1,1,0
"
03.11.12
","
Huber, Michaela
",1020799,3:0,1,0
"
26.10.12
","
Fürbass, Oliver
",1010529,0:3,0,1
"
26.10.12
","
Huber, Helmut
",1020388,3:1,1,0
"
26.10.12
","
Buckl, Rainer
",1004967,3:2,1,0
"
22.10.12
","
Brecht, Wolfgang
",998767,3:0,1,0
"
22.10.12
","
Bause, Frank
",998005,3:0,1,0
"
22.10.12
","
Zanner, Tony
",1066202,3:2,1,0
"
11.10.12
","
Arevalo, Carlos
",996096,3:1,1,0
"
08.10.12
","
Brandl, Josef
",999401,3:0,1,0
"
08.10.12
","
Kohlbeck, Thomas
",1029682,3:2,1,0
"
04.10.12
","
Weinberger, Daniel
",1063788,3:0,1,0
"
04.10.12
","
Thalmair, André
",1056342,3:0,1,0
"
04.10.12
","
Rieder, Eduard
",1046876,3:2,1,0
"
25.09.12
","
Milas, Wassily-Alexander
",1034825,0:3,0,1
"
25.09.12
","
Hagn, Franz
",1013700,3:1,1,0
"
25.09.12
","
Paßler, Michael
",1037870,3:0,1,0
"
24.09.12
","
Ross, Benjamin
",1046642,0:3,0,1
"
24.09.12
","
Kratzl, Stefan
",1028778,1:3,0,1
"
27.04.12
","
Oberhaizinger, Hans-Martin
",1040797,3:2,1,0
"
27.04.12
","
Feichtner, Christian
",1006911,2:3,0,1
"
20.04.12
","
Steinberger, Richard
",1056852,3:1,1,0
"
20.04.12
","
Korb, Felix
",1028719,3:0,1,0
"
20.04.12
","
Huber, Karl
",1020491,3:2,1,0
"
23.03.12
","
Estermeier, Siegfried
",1006879,3:0,1,0
"
23.03.12
","
Schwaighofer, Roland
",1054728,3:0,1,0
"
16.03.12
","
Rau, Christian
",1041806,3:1,1,0
"
16.03.12
","
Koch, Thomas
",1030165,3:0,1,0
"
03.03.12
","
Zellmer, Rainer
",1066404,1:3,0,1
"
03.03.12
","
Mandl, Bernd
",1031235,0:3,0,1
"
02.03.12
","
Hahn, Adolf
",1013719,0:3,0,1
"
02.03.12
","
Aigner, Dieter
",995729,0:3,0,1
"
10.02.12
","
Gruber, Konrad
",1014076,3:0,1,0
"
10.02.12
","
Nock, Franz
",1039513,3:0,1,0
"
02.02.12
","
Sterflinger, Felix
",1058413,3:0,1,0
"
02.02.12
","
Maierhofer, Stefan
",1030360,3:0,1,0
"
28.01.12
","
Macenka, Patrick
",1030606,0:3,0,1
"
27.01.12
","
Eichler, Rupert
",1007449,3:1,1,0
"
27.01.12
","
Eder, Alfred
",1007517,3:0,1,0
"
27.01.12
","
Stubenvoll, Robert
",1055276,2:3,0,1
"
20.01.12
","
Kagerer, Wolfgang
",1025174,1:3,0,1
"
20.01.12
","
Hahn, Adolf
",1013719,1:3,0,1
"
09.12.11
","
Puzik, Christoph
",1041324,0:3,0,1
"
09.12.11
","
Kohlhas, Sebastian
",1029890,0:3,0,1
"
03.12.11
","
Berger, Frank A.
",1001811,1:3,0,1
"
03.12.11
","
Mayer, Christian
",1036810,1:3,0,1
"
02.12.11
","
Oberhaizinger, Hans-Martin
",1040797,1:3,0,1
"
02.12.11
","
Feichtner, Christian
",1006911,0:3,0,1
"
02.12.11
","
Unterstöger, Gerhard
",1060813,1:3,0,1
"
18.11.11
","
Koch, Thomas
",1030165,1:3,0,1
"
18.11.11
","
Rau, Christian
",1041806,2:3,0,1
"
28.10.11
","
Baumgartner, Markus
",998574,1:3,0,1
"
21.10.11
","
Stubenvoll, Robert
",1055276,0:3,0,1
"
21.10.11
","
Eichler, Rupert
",1007449,1:3,0,1
"
21.10.11
","
Resch, Wolfgang
",1047167,3:0,1,0
"
14.10.11
","
Maierhofer, Stefan
",1030360,3:0,1,0
"
14.10.11
","
Sterflinger, Felix
",1058413,3:0,1,0
"
14.10.11
","
Pifat, Josef
",1043384,3:0,1,0
"
10.10.11
","
Schwaighofer, Roland
",1054728,3:1,1,0
"
10.10.11
","
Ludascher, Zsolt
",1030849,3:0,1,0
"
05.10.09
","
Chang, Yin-Shui
",1005139,3:0,1,0
"
05.10.09
","
Steiger, Thomas
",1057385,3:2,1,0
"
01.10.09
","
Mayerhofer, Johann
",1035695,3:0,1,0
"
01.10.09
","
Hofer, Boris
",1022263,3:0,1,0
"
01.10.09
","
König, Norbert
",1029697,3:2,1,0
"
28.03.09
","
Selmaier, Michael
",1052676,3:1,1,0
"
28.03.09
","
Weinberger sen., Helmut
",1063792,3:2,1,0
"
23.03.09
","
Hert, Alexander
",1017363,3:0,1,0
"
23.03.09
","
Bergmann, Florian
",1001921,3:2,1,0
"
09.03.09
","
Zwickl, Thomas
",1065849,3:0,1,0
"
09.03.09
","
Kuhnlein, Thore
",1026922,3:0,1,0
"
02.03.09
","
Imsel, Maximilian
",1019993,3:1,1,0
"
02.03.09
","
Biller, Anton
",1000506,3:0,1,0
"
07.02.09
","
Parstorfer, Matthias
",1037660,3:0,1,0
"
07.02.09
","
Maurer, Alexander
",1036446,3:2,1,0
"
07.02.09
","
Rockinger, Peter
",1046262,2:3,0,1
"
04.12.08
","
Mayerhofer, Johann
",1035695,3:1,1,0
"
04.12.08
","
Vilzmann, Klaus
",1061492,3:2,1,0
"
21.11.08
","
Dang, Linh
",1003562,3:0,1,0
"
21.11.08
","
Kagerer, Alexander
",1025170,3:0,1,0
"
21.11.08
","
Huber, Tobias
",1021031,3:0,1,0
"
18.11.08
","
Meilner, Christoph
",1036291,2:3,0,1
"
17.11.08
","
Maurer, Alexander
",1036446,3:1,1,0
"
17.11.08
","
Rockinger, Peter
",1046262,3:1,1,0
"
17.11.08
","
Parstorfer, Matthias
",1037660,3:0,1,0
"
14.11.08
","
Grote, Florian
",1013734,1:3,0,1
"
14.11.08
","
Kuhnlein, Thore
",1026922,3:1,1,0
"
14.11.08
","
Marchner, Jan
",1036929,3:0,1,0
"
27.10.08
","
Schiebelsberger, Michael
",1050634,0:3,0,1
"
27.10.08
","
Einsiedler, Stephan
",1007893,2:3,0,1
"
20.10.08
","
Zwickl, Daniel
",1065847,1:3,0,1
"
20.10.08
","
Huber, Christian
",1020163,3:0,1,0
"
20.10.08
","
Wimmer, Manuel
",1063206,3:2,1,0
"
04.10.08
","
Bauer, Alexander
",997916,3:0,1,0
"
04.10.08
","
Biller, Anton
",1000506,3:0,1,0
"
04.10.08
","
Imsel, Maximilian
",1019993,3:0,1,0
"
13.03.08
","
Wentenschuh, Thomas
",1065542,0:3,0,1
"
13.03.08
","
Kraus, Hannes
",1029087,3:1,1,0
"
13.03.08
","
Schreiber, Manuel
",1054754,3:1,1,0
"
01.03.08
","
Schmölz, Stefan
",1048275,0:3,0,1
"
01.03.08
","
Brenner, Andreas
",999211,3:0,1,0
"
01.03.08
","
Liedtke, Magnus
",1032098,3:2,1,0
"
28.02.08
","
Meier, Wolf-Dietrich
",1036187,0:3,0,1
"
28.02.08
","
Sandner, Peter
",1044411,3:0,1,0
"
25.02.08
","
Grote, Alexander
",1013733,0:3,0,1
"
25.02.08
","
Staiger, Lukas
",1057115,3:1,1,0
"
15.02.08
","
Völkel, Tobias
",1061183,0:3,0,1
"
15.02.08
","
Völkel, Benjamin
",1060872,0:3,0,1
"
21.01.08
","
Kalusok, Robert
",1026095,3:1,1,0
"
21.01.08
","
Weindl, Christian
",1064828,3:2,1,0
"
21.01.08
","
Galster, Helmut
",1009784,3:2,1,0
"
10.01.08
","
Hechenberger, Erwin
",1019432,0:3,0,1
"
12.11.07
","
Neubauer, Daniel
",1039219,3:0,1,0
"
12.11.07
","
Arnold, Marcel
",996586,3:1,1,0
"
12.11.07
","
Spinner, Sebastian
",1058380,3:2,1,0
"
09.11.07
","
Gruber, Konrad
",1014076,0:3,0,1
"
09.11.07
","
Weiherer, Christian
",1065342,0:3,0,1
"
05.11.07
","
Axthammer, Fabian
",996972,3:0,1,0
"
05.11.07
","
Flink, Klemmens
",1012734,3:0,1,0
"
05.11.07
","
Völkel, Benjamin
",1060872,3:2,1,0
"
27.10.07
","
Zwickl, Daniel
",1065847,3:0,1,0
"
27.10.07
","
Staiger, Lukas
",1057115,3:0,1,0
"
15.10.07
","
Brenner, Andreas
",999211,2:3,0,1
"
13.10.07
","
Weindl, Alexander
",1064826,3:1,1,0
"
13.10.07
","
Bittmann, Gabriel
",999782,3:0,1,0
"
13.10.07
","
Weindl, Christian
",1064828,2:3,0,1
"
01.10.07
","
Kaiser, Andreas
",1025415,3:1,1,0
"
01.10.07
","
Wentenschuh, Thomas
",1065542,0:3,0,1
"
01.10.07
","
Vordermaier, Adrian
",1060515,3:2,1,0
"
31.03.07
","
Hintereder, Stefan
",1021526,3:0,1,0
"
31.03.07
","
Rockinger, Peter
",1046262,3:0,1,0
"
24.03.07
","
Paßler, Philipp
",1037871,3:0,1,0
"
24.03.07
","
Parstorfer, Matthias
",1037660,3:0,1,0
"
26.02.07
","
Streck, Tobias
",1055844,3:0,1,0
"
16.02.07
","
Margreiter, Leopold
",1037039,3:1,1,0
"
16.02.07
","
Wnukowski, Szymon
",1062344,3:2,1,0
"
22.01.07
","
Strasser, Friedrich
",1057440,1:3,0,1
"
22.01.07
","
Herrmann, Kevin
",1017456,3:1,1,0
"
15.01.07
","
Neubauer, Daniel
",1039219,3:1,1,0
"
15.01.07
","
Neubauer, Moritz
",1039339,3:0,1,0
"
10.10.11
","
Estermeier, Siegfried
",1006879,3:1,1,0
"
09.10.11
","
Kulik, Jürgen
",1027022,3:0,1,0
"
09.10.11
","
Meier, André
",1036670,1:3,0,1
"
09.10.11
","
Iani, Andreas
",1021305,2:3,0,1
"
06.10.11
","
Felber, Thomas
",1007259,0:3,0,1
"
30.09.11
","
Hahn, Adolf
",1013719,0:3,0,1
"
30.09.11
","
Kattner, Josef
",1025583,3:0,1,0
"
30.09.11
","
Aigner, Dieter
",995729,3:2,1,0
"
24.09.11
","
Nistler, Markus
",1039292,0:3,0,1
"
09.09.11
","
Gisser, Bartholomäus
",1015860,3:0,1,0
"
09.09.11
","
Burggraf jun., Martin
",1004234,3:0,1,0
"
08.04.11
","
Vilsmaier, Christoph
",1061394,0:3,0,1
"
08.04.11
","
Lechner, Otto
",1033026,1:3,0,1
"
08.04.11
","
Kulik, Jürgen
",1027022,2:3,0,1
"
01.04.11
","
Grotemeyer, Andreas
",1013736,3:1,1,0
"
01.04.11
","
Gruber, Konrad
",1014076,3:2,1,0
"
01.04.11
","
Vilsmaier, Markus
",1061485,2:3,0,1
"
28.03.11
","
Völkel, Benjamin
",1060872,3:0,1,0
"
28.03.11
","
Burger, Martin
",1004125,2:3,0,1
"
25.03.11
","
Niess, Stefan
",1039879,0:3,0,1
"
25.03.11
","
Wimmer, Manuel
",1063205,3:1,1,0
"
25.03.11
","
Schaller, Helmut
",1044795,3:2,1,0
"
18.03.11
","
Egger, Lukas
",1008099,0:3,0,1
"
11.03.11
","
Reiml, Jochen
",1042410,1:3,0,1
"
04.03.11
","
Stadler, Otto
",1058458,3:1,1,0
"
04.03.11
","
Stadler, Thomas
",1056785,3:1,1,0
"
25.02.11
","
Cecil, Ernst
",1004920,1:3,0,1
"
25.02.11
","
Vybiral, Reinhard
",1058801,0:3,0,1
"
25.02.11
","
Arndt, Stefan
",996539,3:0,1,0
"
18.02.11
","
Schanzer, Marco
",1042142,1:3,0,1
"
18.02.11
","
Willmerdinger, Herbert
",1064713,3:1,1,0
"
18.02.11
","
Meier, Johann
",1035855,1:3,0,1
"
12.02.11
","
Le, Duc
",1032672,0:3,0,1
"
12.02.11
","
Zelger, Walter
",1066251,1:3,0,1
"
11.02.11
","
Dudek, Michael
",1007602,3:0,1,0
"
11.02.11
","
Leidinger, Tobias
",1032362,3:2,1,0
"
11.02.11
","
Dasler, Lothar
",1002253,3:2,1,0
"
05.02.11
","
Buchner, Lukas
",1004741,0:3,0,1
"
04.02.11
","
Reche, Werner
",1042593,0:3,0,1
"
04.02.11
","
Zieglmaier, Christian
",1066067,0:3,0,1
"
10.12.10
","
Zelger, Walter
",1066251,0:3,0,1
"
10.12.10
","
Komarek, Werner
",1029364,3:1,1,0
"
26.11.10
","
Kohlhas, Dieter
",1029889,1:3,0,1
"
26.11.10
","
Reche, Werner
",1042593,1:3,0,1
"
26.11.10
","
Zieglmaier, Christian
",1066067,2:3,0,1
"
20.11.10
","
Vilsmaier, Markus
",1061485,0:3,0,1
"
20.11.10
","
Grotemeyer, Andreas
",1013736,0:3,0,1
"
13.11.10
","
Pültz, Gernot
",1040990,0:3,0,1
"
09.11.10
","
Führer, Stephan
",1010197,0:3,0,1
"
09.11.10
","
Niess, Stefan
",1039879,0:3,0,1
"
05.11.10
","
Bacher, Andreas
",997050,3:0,1,0
"
05.11.10
","
Wenzl, Alois
",1063965,3:0,1,0
"
16.10.10
","
Vilsmaier, Christoph
",1061394,0:3,0,1
"
16.10.10
","
Kulik, Jürgen
",1027022,1:3,0,1
"
10.10.10
","
Kaltenhauser, Wolfgang
",1026086,3:1,1,0
"
10.10.10
","
Baueregger, Ralph
",998269,3:0,1,0
"
10.10.10
","
Jordan, Florian
",1026685,2:3,0,1
"
10.10.10
","
Hackbarth, Wilfried
",1014348,2:3,0,1
"
08.10.10
","
Schanzer, Marco
",1042142,1:3,0,1
"
08.10.10
","
Staiger, Lukas
",1057115,2:3,0,1
"
01.10.10
","
Sasse, Joachim
",1044741,0:3,0,1
"
01.10.10
","
Dudek, Michael
",1007602,1:3,0,1
"
01.10.10
","
Dasler, Lothar
",1002253,2:3,0,1
"
24.09.10
","
Hochertseder, Manfred
",1022717,0:3,0,1
"
24.09.10
","
Vybiral, Reinhard
",1058801,3:1,1,0
"
24.09.10
","
Führer, Stephan
",1010197,0:3,0,1
"
01.03.10
","
Hegelmann, Markus
",1018342,3:0,1,0
"
01.03.10
","
Schönebeck, Stefan
",1047994,3:0,1,0
"
01.03.10
","
Vogt, Michael
",1060652,3:0,1,0
"
22.02.10
","
Blum, Klaus
",999133,3:1,1,0
"
22.02.10
","
Deckert, Claus
",1002921,3:0,1,0
"
08.02.10
","
Huber, Tobias
",1021031,3:0,1,0
"
08.02.10
","
Kagerer, Alexander
",1025170,3:1,1,0
"
04.02.10
","
Wagner, Josef
",1059931,3:1,1,0
"
04.02.10
","
Liebl, Gerald
",1033757,3:0,1,0
"
04.02.10
","
Aigner, Josef
",995738,3:1,1,0
"
25.01.10
","
Maurer, Christoph
",1036453,3:0,1,0
"
25.01.10
","
Flink, Klemmens
",1012734,2:3,0,1
"
21.01.10
","
Steiger, Thomas
",1057385,3:0,1,0
"
21.01.10
","
Meier, Claudius A.
",1036369,3:0,1,0
"
21.01.10
","
Chang, Yin-Shui
",1005139,3:0,1,0
"
18.01.10
","
Meyer, Manfred
",1035752,0:3,0,1
"
18.01.10
","
Graser, Manfred
",1015832,0:3,0,1
"
17.11.09
","
Graser, Manfred
",1015832,0:3,0,1
"
17.11.09
","
Wastlhuber, Michael
",1059299,1:3,0,1
"
17.11.09
","
Radam, Johannes
",1042010,3:1,1,0
"
09.11.09
","
Wimmer, Simon
",1063299,3:0,1,0
"
09.11.09
","
Irsigler, Felix
",1020319,3:0,1,0
"
09.11.09
","
Hinterberger, Sebastian
",1021523,3:2,1,0
"
30.10.09
","
Deckert, Claus
",1002921,3:1,1,0
"
30.10.09
","
Bartz, Wolf-Dieter
",997804,1:3,0,1
"
30.10.09
","
Krizan, Peter
",1028085,3:2,1,0
"
27.10.09
","
Maurer, Christoph
",1036453,3:0,1,0
"
27.10.09
","
Flink, Klemmens
",1012734,3:0,1,0
"
27.10.09
","
Koch, Maximilian
",1030062,3:0,1,0
"
19.10.09
","
Eggersdorfer, Florian
",1008113,3:0,1,0
"
19.10.09
","
Vorderhuber, Zacharias
",1060514,3:2,1,0
"
16.10.09
","
Kagerer, Alexander
",1025170,3:1,1,0
"
16.10.09
","
Huber, Tobias
",1021031,3:0,1,0
"
16.10.09
","
Jordan, Florian
",1026685,3:2,1,0
